[
    {
       "airline":"LH",
       "flightNumber":401,
       "suffix":"",
       "periodOfOperationUTC":{
          "startDate":"02MAR23",
          "endDate":"03MAR23",
          "daysOfOperation":"   45  "
       },
       "periodOfOperationLT":{
          "startDate":"02MAR23",
          "endDate":"03MAR23",
          "daysOfOperation":"   45  "
       },
       "legs":[
          {
             "sequenceNumber":1,
             "origin":"JFK",
             "destination":"FRA",
             "serviceType":"J",
             "aircraftOwner":"LH",
             "aircraftType":"744",
             "aircraftConfigurationVersion":"C67E32M272",
             "registration":"",
             "op":true,
             "aircraftDepartureTimeUTC":1255,
             "aircraftDepartureTimeDateDiffUTC":0,
             "aircraftDepartureTimeLT":955,
             "aircraftDepartureTimeDateDiffLT":0,
             "aircraftDepartureTimeVariation":-300,
             "aircraftArrivalTimeUTC":255,
             "aircraftArrivalTimeDateDiffUTC":1,
             "aircraftArrivalTimeLT":315,
             "aircraftArrivalTimeDateDiffLT":1,
             "aircraftArrivalTimeVariation":60
          }
       ],
       "dataElements":[
          {
             "startLegSequenceNumber":1,
             "endLegSequenceNumber":1,
             "id":10,
             "value":"UA8840/SN7231/TG7713"
          },
          {
             "startLegSequenceNumber":1,
             "endLegSequenceNumber":1,
             "id":98,
             "value":"1"
          },
          {
             "startLegSequenceNumber":1,
             "endLegSequenceNumber":1,
             "id":99,
             "value":"1"
          },
          {
             "startLegSequenceNumber":1,
             "endLegSequenceNumber":1,
             "id":106,
             "value":"JCDZPGENYBMUHQVWSTLK"
          },
          {
             "startLegSequenceNumber":1,
             "endLegSequenceNumber":1,
             "id":109,
             "value":"JRM/CRM/DRM/ZRM/PRM/GRM/ERM/NRM/YRM/BRM/MRM/URM/HRM/QRM/VRM/WRM/SRM/TRM/LRM/KRM"
          },
          {
             "startLegSequenceNumber":1,
             "endLegSequenceNumber":1,
             "id":504,
             "value":"S"
          },
          {
             "startLegSequenceNumber":1,
             "endLegSequenceNumber":1,
             "id":505,
             "value":"ET"
          }
       ]
    }
 ]