{
    "FlightStatusResource":{
       "Flights":{
          "Flight":[
             {
                "Departure":{
                   "AirportCode":"JFK",
                   "ScheduledTimeLocal":{
                      "DateTime":"2023-03-02T15:55"
                   },
                   "ScheduledTimeUTC":{
                      "DateTime":"2023-03-02T20:55Z"
                   },
                   "ActualTimeLocal":{
                      "DateTime":"2023-03-02T15:54"
                   },
                   "ActualTimeUTC":{
                      "DateTime":"2023-03-02T20:54Z"
                   },
                   "TimeStatus":{
                      "Code":"FE",
                      "Definition":"Flight Early"
                   },
                   "Terminal":{
                      "Name":"1",
                      "Gate":"007"
                   }
                },
                "Arrival":{
                   "AirportCode":"FRA",
                   "ScheduledTimeLocal":{
                      "DateTime":"2023-03-03T05:15"
                   },
                   "ScheduledTimeUTC":{
                      "DateTime":"2023-03-03T04:15Z"
                   },
                   "ActualTimeLocal":{
                      "DateTime":"2023-03-03T05:11"
                   },
                   "ActualTimeUTC":{
                      "DateTime":"2023-03-03T04:11Z"
                   },
                   "TimeStatus":{
                      "Code":"FE",
                      "Definition":"Flight Early"
                   },
                   "Terminal":{
                      "Name":"1",
                      "Gate":"Z58"
                   }
                },
                "MarketingCarrier":{
                   "AirlineID":"LH",
                   "FlightNumber":"401"
                },
                "OperatingCarrier":{
                   "AirlineID":"LH",
                   "FlightNumber":"401"
                },
                "Equipment":{
                   "AircraftCode":"744",
                   "AircraftRegistration":"DABTL"
                },
                "FlightStatus":{
                   "Code":"LD",
                   "Definition":"Flight Landed"
                },
                "ServiceType":"Passenger"
             }
          ]
       },
       "Meta":{
          "@Version":"1.0.0",
          "Link":[
             {
                "@Href":"https://api.lufthansa.com/v1/operations/flightstatus/LH401/2023-03-02",
                "@Rel":"self"
             },
             {
                "@Href":"https://api.lufthansa.com/v1/mds-references/airports/{airportCode}",
                "@Rel":"related"
             }
          ]
       }
    }
 }