{
    "ScheduleResource":{
       "Schedule":[
          {
             "TotalJourney":{
                "Duration":"PT7H20M"
             },
             "Flight":{
                "Departure":{
                   "AirportCode":"JFK",
                   "ScheduledTimeLocal":{
                      "DateTime":"2023-03-02T15:55"
                   },
                   "Terminal":{
                      "Name":"1"
                   }
                },
                "Arrival":{
                   "AirportCode":"FRA",
                   "ScheduledTimeLocal":{
                      "DateTime":"2023-03-03T05:15"
                   },
                   "Terminal":{
                      "Name":"1"
                   }
                },
                "MarketingCarrier":{
                   "AirlineID":"LH",
                   "FlightNumber":"401"
                },
                "Equipment":{
                   "AircraftCode":"744",
                   "OnBoardEquipment":{
                      "InflightEntertainment":true,
                      "Compartment":[
                         {
                            "ClassCode":"C",
                            "ClassDesc":"BusinessClass",
                            "FlyNet":true,
                            "SeatPower":true,
                            "Usb":true,
                            "LiveTv":true
                         },
                         {
                            "ClassCode":"E",
                            "ClassDesc":"PremiumEconomy",
                            "FlyNet":true,
                            "SeatPower":true,
                            "Usb":true,
                            "LiveTv":true
                         },
                         {
                            "ClassCode":"Y",
                            "ClassDesc":"Economy",
                            "FlyNet":true,
                            "SeatPower":true,
                            "Usb":true,
                            "LiveTv":true
                         }
                      ]
                   }
                },
                "Details":{
                   "Stops":{
                      "StopQuantity":0
                   },
                   "DaysOfOperation":"1234567",
                   "DatePeriod":{
                      "Effective":"2023-03-02",
                      "Expiration":"2023-03-09"
                   }
                }
             }
          },
          {
             "TotalJourney":{
                "Duration":"PT9H30M"
             },
             "Flight":[
                {
                   "Departure":{
                      "AirportCode":"JFK",
                      "ScheduledTimeLocal":{
                         "DateTime":"2023-03-02T16:35"
                      },
                      "Terminal":{
                         "Name":"1"
                      }
                   },
                   "Arrival":{
                      "AirportCode":"ZRH",
                      "ScheduledTimeLocal":{
                         "DateTime":"2023-03-03T06:15"
                      }
                   },
                   "MarketingCarrier":{
                      "AirlineID":"LX",
                      "FlightNumber":"17"
                   },
                   "Equipment":{
                      "AircraftCode":"333",
                      "OnBoardEquipment":{
                         "InflightEntertainment":true,
                         "Compartment":[
                            {
                               "ClassCode":"F",
                               "ClassDesc":"FirstClass",
                               "FlyNet":true,
                               "SeatPower":true,
                               "Usb":true,
                               "LiveTv":true
                            },
                            {
                               "ClassCode":"C",
                               "ClassDesc":"BusinessClass",
                               "FlyNet":true,
                               "SeatPower":true,
                               "Usb":true,
                               "LiveTv":true
                            },
                            {
                               "ClassCode":"E",
                               "ClassDesc":"PremiumEconomy",
                               "FlyNet":true,
                               "SeatPower":true,
                               "Usb":true,
                               "LiveTv":true
                            },
                            {
                               "ClassCode":"Y",
                               "ClassDesc":"Economy",
                               "FlyNet":true,
                               "SeatPower":true,
                               "Usb":true,
                               "LiveTv":true
                            }
                         ]
                      }
                   },
                   "Details":{
                      "Stops":{
                         "StopQuantity":0
                      },
                      "DaysOfOperation":"47",
                      "DatePeriod":{
                         "Effective":"2023-03-02",
                         "Expiration":"2023-03-09"
                      }
                   }
                },
                {
                   "Departure":{
                      "AirportCode":"ZRH",
                      "ScheduledTimeLocal":{
                         "DateTime":"2023-03-03T07:00"
                      }
                   },
                   "Arrival":{
                      "AirportCode":"FRA",
                      "ScheduledTimeLocal":{
                         "DateTime":"2023-03-03T08:05"
                      },
                      "Terminal":{
                         "Name":"1"
                      }
                   },
                   "MarketingCarrier":{
                      "AirlineID":"LH",
                      "FlightNumber":"5771"
                   },
                   "OperatingCarrier":{
                      "AirlineID":"LX"
                   },
                   "Equipment":{
                      "AircraftCode":"223"
                   },
                   "Details":{
                      "Stops":{
                         "StopQuantity":0
                      },
                      "DaysOfOperation":"47",
                      "DatePeriod":{
                         "Effective":"2023-03-02",
                         "Expiration":"2023-03-09"
                      }
                   }
                }
             ]
          },
          {
             "TotalJourney":{
                "Duration":"PT9H30M"
             },
             "Flight":[
                {
                   "Departure":{
                      "AirportCode":"JFK",
                      "ScheduledTimeLocal":{
                         "DateTime":"2023-03-02T16:35"
                      },
                      "Terminal":{
                         "Name":"1"
                      }
                   },
                   "Arrival":{
                      "AirportCode":"ZRH",
                      "ScheduledTimeLocal":{
                         "DateTime":"2023-03-03T06:15"
                      }
                   },
                   "MarketingCarrier":{
                      "AirlineID":"LX",
                      "FlightNumber":"17"
                   },
                   "Equipment":{
                      "AircraftCode":"333",
                      "OnBoardEquipment":{
                         "InflightEntertainment":true,
                         "Compartment":[
                            {
                               "ClassCode":"F",
                               "ClassDesc":"FirstClass",
                               "FlyNet":true,
                               "SeatPower":true,
                               "Usb":true,
                               "LiveTv":true
                            },
                            {
                               "ClassCode":"C",
                               "ClassDesc":"BusinessClass",
                               "FlyNet":true,
                               "SeatPower":true,
                               "Usb":true,
                               "LiveTv":true
                            },
                            {
                               "ClassCode":"E",
                               "ClassDesc":"PremiumEconomy",
                               "FlyNet":true,
                               "SeatPower":true,
                               "Usb":true,
                               "LiveTv":true
                            },
                            {
                               "ClassCode":"Y",
                               "ClassDesc":"Economy",
                               "FlyNet":true,
                               "SeatPower":true,
                               "Usb":true,
                               "LiveTv":true
                            }
                         ]
                      }
                   },
                   "Details":{
                      "Stops":{
                         "StopQuantity":0
                      },
                      "DaysOfOperation":"47",
                      "DatePeriod":{
                         "Effective":"2023-03-02",
                         "Expiration":"2023-03-09"
                      }
                   }
                },
                {
                   "Departure":{
                      "AirportCode":"ZRH",
                      "ScheduledTimeLocal":{
                         "DateTime":"2023-03-03T07:00"
                      }
                   },
                   "Arrival":{
                      "AirportCode":"FRA",
                      "ScheduledTimeLocal":{
                         "DateTime":"2023-03-03T08:05"
                      },
                      "Terminal":{
                         "Name":"1"
                      }
                   },
                   "MarketingCarrier":{
                      "AirlineID":"LX",
                      "FlightNumber":"1068"
                   },
                   "Equipment":{
                      "AircraftCode":"223"
                   },
                   "Details":{
                      "Stops":{
                         "StopQuantity":0
                      },
                      "DaysOfOperation":"47",
                      "DatePeriod":{
                         "Effective":"2023-03-02",
                         "Expiration":"2023-03-09"
                      }
                   }
                }
             ]
          },
          {
             "TotalJourney":{
                "Duration":"PT11H30M"
             },
             "Flight":[
                {
                   "Departure":{
                      "AirportCode":"JFK",
                      "ScheduledTimeLocal":{
                         "DateTime":"2023-03-02T16:35"
                      },
                      "Terminal":{
                         "Name":"1"
                      }
                   },
                   "Arrival":{
                      "AirportCode":"ZRH",
                      "ScheduledTimeLocal":{
                         "DateTime":"2023-03-03T06:15"
                      }
                   },
                   "MarketingCarrier":{
                      "AirlineID":"LX",
                      "FlightNumber":"17"
                   },
                   "Equipment":{
                      "AircraftCode":"333",
                      "OnBoardEquipment":{
                         "InflightEntertainment":true,
                         "Compartment":[
                            {
                               "ClassCode":"F",
                               "ClassDesc":"FirstClass",
                               "FlyNet":true,
                               "SeatPower":true,
                               "Usb":true,
                               "LiveTv":true
                            },
                            {
                               "ClassCode":"C",
                               "ClassDesc":"BusinessClass",
                               "FlyNet":true,
                               "SeatPower":true,
                               "Usb":true,
                               "LiveTv":true
                            },
                            {
                               "ClassCode":"E",
                               "ClassDesc":"PremiumEconomy",
                               "FlyNet":true,
                               "SeatPower":true,
                               "Usb":true,
                               "LiveTv":true
                            },
                            {
                               "ClassCode":"Y",
                               "ClassDesc":"Economy",
                               "FlyNet":true,
                               "SeatPower":true,
                               "Usb":true,
                               "LiveTv":true
                            }
                         ]
                      }
                   },
                   "Details":{
                      "Stops":{
                         "StopQuantity":0
                      },
                      "DaysOfOperation":"4",
                      "DatePeriod":{
                         "Effective":"2023-03-02",
                         "Expiration":"2023-03-02"
                      }
                   }
                },
                {
                   "Departure":{
                      "AirportCode":"ZRH",
                      "ScheduledTimeLocal":{
                         "DateTime":"2023-03-03T09:00"
                      }
                   },
                   "Arrival":{
                      "AirportCode":"FRA",
                      "ScheduledTimeLocal":{
                         "DateTime":"2023-03-03T10:05"
                      },
                      "Terminal":{
                         "Name":"1"
                      }
                   },
                   "MarketingCarrier":{
                      "AirlineID":"LH",
                      "FlightNumber":"1185"
                   },
                   "Equipment":{
                      "AircraftCode":"32N"
                   },
                   "Details":{
                      "Stops":{
                         "StopQuantity":0
                      },
                      "DaysOfOperation":"4",
                      "DatePeriod":{
                         "Effective":"2023-03-02",
                         "Expiration":"2023-03-02"
                      }
                   }
                }
             ]
          },
          {
             "TotalJourney":{
                "Duration":"PT11H30M"
             },
             "Flight":[
                {
                   "Departure":{
                      "AirportCode":"JFK",
                      "ScheduledTimeLocal":{
                         "DateTime":"2023-03-02T16:35"
                      },
                      "Terminal":{
                         "Name":"1"
                      }
                   },
                   "Arrival":{
                      "AirportCode":"ZRH",
                      "ScheduledTimeLocal":{
                         "DateTime":"2023-03-03T06:15"
                      }
                   },
                   "MarketingCarrier":{
                      "AirlineID":"LX",
                      "FlightNumber":"17"
                   },
                   "Equipment":{
                      "AircraftCode":"333",
                      "OnBoardEquipment":{
                         "InflightEntertainment":true,
                         "Compartment":[
                            {
                               "ClassCode":"F",
                               "ClassDesc":"FirstClass",
                               "FlyNet":true,
                               "SeatPower":true,
                               "Usb":true,
                               "LiveTv":true
                            },
                            {
                               "ClassCode":"C",
                               "ClassDesc":"BusinessClass",
                               "FlyNet":true,
                               "SeatPower":true,
                               "Usb":true,
                               "LiveTv":true
                            },
                            {
                               "ClassCode":"E",
                               "ClassDesc":"PremiumEconomy",
                               "FlyNet":true,
                               "SeatPower":true,
                               "Usb":true,
                               "LiveTv":true
                            },
                            {
                               "ClassCode":"Y",
                               "ClassDesc":"Economy",
                               "FlyNet":true,
                               "SeatPower":true,
                               "Usb":true,
                               "LiveTv":true
                            }
                         ]
                      }
                   },
                   "Details":{
                      "Stops":{
                         "StopQuantity":0
                      },
                      "DaysOfOperation":"4",
                      "DatePeriod":{
                         "Effective":"2023-03-02",
                         "Expiration":"2023-03-02"
                      }
                   }
                },
                {
                   "Departure":{
                      "AirportCode":"ZRH",
                      "ScheduledTimeLocal":{
                         "DateTime":"2023-03-03T09:00"
                      }
                   },
                   "Arrival":{
                      "AirportCode":"FRA",
                      "ScheduledTimeLocal":{
                         "DateTime":"2023-03-03T10:05"
                      },
                      "Terminal":{
                         "Name":"1"
                      }
                   },
                   "MarketingCarrier":{
                      "AirlineID":"LX",
                      "FlightNumber":"3600"
                   },
                   "OperatingCarrier":{
                      "AirlineID":"LH"
                   },
                   "Equipment":{
                      "AircraftCode":"32N"
                   },
                   "Details":{
                      "Stops":{
                         "StopQuantity":0
                      },
                      "DaysOfOperation":"4",
                      "DatePeriod":{
                         "Effective":"2023-03-02",
                         "Expiration":"2023-03-02"
                      }
                   }
                }
             ]
          },
          {
             "TotalJourney":{
                "Duration":"PT13H45M"
             },
             "Flight":[
                {
                   "Departure":{
                      "AirportCode":"JFK",
                      "ScheduledTimeLocal":{
                         "DateTime":"2023-03-02T16:35"
                      },
                      "Terminal":{
                         "Name":"1"
                      }
                   },
                   "Arrival":{
                      "AirportCode":"ZRH",
                      "ScheduledTimeLocal":{
                         "DateTime":"2023-03-03T06:15"
                      }
                   },
                   "MarketingCarrier":{
                      "AirlineID":"LX",
                      "FlightNumber":"17"
                   },
                   "Equipment":{
                      "AircraftCode":"333",
                      "OnBoardEquipment":{
                         "InflightEntertainment":true,
                         "Compartment":[
                            {
                               "ClassCode":"F",
                               "ClassDesc":"FirstClass",
                               "FlyNet":true,
                               "SeatPower":true,
                               "Usb":true,
                               "LiveTv":true
                            },
                            {
                               "ClassCode":"C",
                               "ClassDesc":"BusinessClass",
                               "FlyNet":true,
                               "SeatPower":true,
                               "Usb":true,
                               "LiveTv":true
                            },
                            {
                               "ClassCode":"E",
                               "ClassDesc":"PremiumEconomy",
                               "FlyNet":true,
                               "SeatPower":true,
                               "Usb":true,
                               "LiveTv":true
                            },
                            {
                               "ClassCode":"Y",
                               "ClassDesc":"Economy",
                               "FlyNet":true,
                               "SeatPower":true,
                               "Usb":true,
                               "LiveTv":true
                            }
                         ]
                      }
                   },
                   "Details":{
                      "Stops":{
                         "StopQuantity":0
                      },
                      "DaysOfOperation":"4",
                      "DatePeriod":{
                         "Effective":"2023-03-02",
                         "Expiration":"2023-03-02"
                      }
                   }
                },
                {
                   "Departure":{
                      "AirportCode":"ZRH",
                      "ScheduledTimeLocal":{
                         "DateTime":"2023-03-03T11:15"
                      }
                   },
                   "Arrival":{
                      "AirportCode":"FRA",
                      "ScheduledTimeLocal":{
                         "DateTime":"2023-03-03T12:20"
                      },
                      "Terminal":{
                         "Name":"1"
                      }
                   },
                   "MarketingCarrier":{
                      "AirlineID":"LX",
                      "FlightNumber":"3602"
                   },
                   "OperatingCarrier":{
                      "AirlineID":"LH"
                   },
                   "Equipment":{
                      "AircraftCode":"319"
                   },
                   "Details":{
                      "Stops":{
                         "StopQuantity":0
                      },
                      "DaysOfOperation":"4",
                      "DatePeriod":{
                         "Effective":"2023-03-02",
                         "Expiration":"2023-03-02"
                      }
                   }
                }
             ]
          },
          {
             "TotalJourney":{
                "Duration":"PT13H45M"
             },
             "Flight":[
                {
                   "Departure":{
                      "AirportCode":"JFK",
                      "ScheduledTimeLocal":{
                         "DateTime":"2023-03-02T16:35"
                      },
                      "Terminal":{
                         "Name":"1"
                      }
                   },
                   "Arrival":{
                      "AirportCode":"ZRH",
                      "ScheduledTimeLocal":{
                         "DateTime":"2023-03-03T06:15"
                      }
                   },
                   "MarketingCarrier":{
                      "AirlineID":"LX",
                      "FlightNumber":"17"
                   },
                   "Equipment":{
                      "AircraftCode":"333",
                      "OnBoardEquipment":{
                         "InflightEntertainment":true,
                         "Compartment":[
                            {
                               "ClassCode":"F",
                               "ClassDesc":"FirstClass",
                               "FlyNet":true,
                               "SeatPower":true,
                               "Usb":true,
                               "LiveTv":true
                            },
                            {
                               "ClassCode":"C",
                               "ClassDesc":"BusinessClass",
                               "FlyNet":true,
                               "SeatPower":true,
                               "Usb":true,
                               "LiveTv":true
                            },
                            {
                               "ClassCode":"E",
                               "ClassDesc":"PremiumEconomy",
                               "FlyNet":true,
                               "SeatPower":true,
                               "Usb":true,
                               "LiveTv":true
                            },
                            {
                               "ClassCode":"Y",
                               "ClassDesc":"Economy",
                               "FlyNet":true,
                               "SeatPower":true,
                               "Usb":true,
                               "LiveTv":true
                            }
                         ]
                      }
                   },
                   "Details":{
                      "Stops":{
                         "StopQuantity":0
                      },
                      "DaysOfOperation":"4",
                      "DatePeriod":{
                         "Effective":"2023-03-02",
                         "Expiration":"2023-03-02"
                      }
                   }
                },
                {
                   "Departure":{
                      "AirportCode":"ZRH",
                      "ScheduledTimeLocal":{
                         "DateTime":"2023-03-03T11:15"
                      }
                   },
                   "Arrival":{
                      "AirportCode":"FRA",
                      "ScheduledTimeLocal":{
                         "DateTime":"2023-03-03T12:20"
                      },
                      "Terminal":{
                         "Name":"1"
                      }
                   },
                   "MarketingCarrier":{
                      "AirlineID":"LH",
                      "FlightNumber":"1187"
                   },
                   "Equipment":{
                      "AircraftCode":"319"
                   },
                   "Details":{
                      "Stops":{
                         "StopQuantity":0
                      },
                      "DaysOfOperation":"4",
                      "DatePeriod":{
                         "Effective":"2023-03-02",
                         "Expiration":"2023-03-02"
                      }
                   }
                }
             ]
          },
          {
             "TotalJourney":{
                "Duration":"PT14H40M"
             },
             "Flight":[
                {
                   "Departure":{
                      "AirportCode":"JFK",
                      "ScheduledTimeLocal":{
                         "DateTime":"2023-03-02T16:35"
                      },
                      "Terminal":{
                         "Name":"1"
                      }
                   },
                   "Arrival":{
                      "AirportCode":"ZRH",
                      "ScheduledTimeLocal":{
                         "DateTime":"2023-03-03T06:15"
                      }
                   },
                   "MarketingCarrier":{
                      "AirlineID":"LX",
                      "FlightNumber":"17"
                   },
                   "Equipment":{
                      "AircraftCode":"333",
                      "OnBoardEquipment":{
                         "InflightEntertainment":true,
                         "Compartment":[
                            {
                               "ClassCode":"F",
                               "ClassDesc":"FirstClass",
                               "FlyNet":true,
                               "SeatPower":true,
                               "Usb":true,
                               "LiveTv":true
                            },
                            {
                               "ClassCode":"C",
                               "ClassDesc":"BusinessClass",
                               "FlyNet":true,
                               "SeatPower":true,
                               "Usb":true,
                               "LiveTv":true
                            },
                            {
                               "ClassCode":"E",
                               "ClassDesc":"PremiumEconomy",
                               "FlyNet":true,
                               "SeatPower":true,
                               "Usb":true,
                               "LiveTv":true
                            },
                            {
                               "ClassCode":"Y",
                               "ClassDesc":"Economy",
                               "FlyNet":true,
                               "SeatPower":true,
                               "Usb":true,
                               "LiveTv":true
                            }
                         ]
                      }
                   },
                   "Details":{
                      "Stops":{
                         "StopQuantity":0
                      },
                      "DaysOfOperation":"46",
                      "DatePeriod":{
                         "Effective":"2023-03-02",
                         "Expiration":"2023-03-09"
                      }
                   }
                },
                {
                   "Departure":{
                      "AirportCode":"ZRH",
                      "ScheduledTimeLocal":{
                         "DateTime":"2023-03-03T12:10"
                      }
                   },
                   "Arrival":{
                      "AirportCode":"FRA",
                      "ScheduledTimeLocal":{
                         "DateTime":"2023-03-03T13:15"
                      },
                      "Terminal":{
                         "Name":"1"
                      }
                   },
                   "MarketingCarrier":{
                      "AirlineID":"LH",
                      "FlightNumber":"5775"
                   },
                   "Equipment":{
                      "AircraftCode":"E90"
                   },
                   "Details":{
                      "Stops":{
                         "StopQuantity":0
                      },
                      "DaysOfOperation":"46",
                      "DatePeriod":{
                         "Effective":"2023-03-02",
                         "Expiration":"2023-03-09"
                      }
                   }
                }
             ]
          },
          {
             "TotalJourney":{
                "Duration":"PT14H40M"
             },
             "Flight":[
                {
                   "Departure":{
                      "AirportCode":"JFK",
                      "ScheduledTimeLocal":{
                         "DateTime":"2023-03-02T16:35"
                      },
                      "Terminal":{
                         "Name":"1"
                      }
                   },
                   "Arrival":{
                      "AirportCode":"ZRH",
                      "ScheduledTimeLocal":{
                         "DateTime":"2023-03-03T06:15"
                      }
                   },
                   "MarketingCarrier":{
                      "AirlineID":"LX",
                      "FlightNumber":"17"
                   },
                   "Equipment":{
                      "AircraftCode":"333",
                      "OnBoardEquipment":{
                         "InflightEntertainment":true,
                         "Compartment":[
                            {
                               "ClassCode":"F",
                               "ClassDesc":"FirstClass",
                               "FlyNet":true,
                               "SeatPower":true,
                               "Usb":true,
                               "LiveTv":true
                            },
                            {
                               "ClassCode":"C",
                               "ClassDesc":"BusinessClass",
                               "FlyNet":true,
                               "SeatPower":true,
                               "Usb":true,
                               "LiveTv":true
                            },
                            {
                               "ClassCode":"E",
                               "ClassDesc":"PremiumEconomy",
                               "FlyNet":true,
                               "SeatPower":true,
                               "Usb":true,
                               "LiveTv":true
                            },
                            {
                               "ClassCode":"Y",
                               "ClassDesc":"Economy",
                               "FlyNet":true,
                               "SeatPower":true,
                               "Usb":true,
                               "LiveTv":true
                            }
                         ]
                      }
                   },
                   "Details":{
                      "Stops":{
                         "StopQuantity":0
                      },
                      "DaysOfOperation":"46",
                      "DatePeriod":{
                         "Effective":"2023-03-02",
                         "Expiration":"2023-03-09"
                      }
                   }
                },
                {
                   "Departure":{
                      "AirportCode":"ZRH",
                      "ScheduledTimeLocal":{
                         "DateTime":"2023-03-03T12:10"
                      }
                   },
                   "Arrival":{
                      "AirportCode":"FRA",
                      "ScheduledTimeLocal":{
                         "DateTime":"2023-03-03T13:15"
                      },
                      "Terminal":{
                         "Name":"1"
                      }
                   },
                   "MarketingCarrier":{
                      "AirlineID":"LX",
                      "FlightNumber":"1072"
                   },
                   "OperatingCarrier":{
                      "AirlineID":"2L"
                   },
                   "Equipment":{
                      "AircraftCode":"E90"
                   },
                   "Details":{
                      "Stops":{
                         "StopQuantity":0
                      },
                      "DaysOfOperation":"46",
                      "DatePeriod":{
                         "Effective":"2023-03-02",
                         "Expiration":"2023-03-09"
                      }
                   }
                }
             ]
          },
          {
             "TotalJourney":{
                "Duration":"PT17H5M"
             },
             "Flight":[
                {
                   "Departure":{
                      "AirportCode":"JFK",
                      "ScheduledTimeLocal":{
                         "DateTime":"2023-03-02T16:35"
                      },
                      "Terminal":{
                         "Name":"1"
                      }
                   },
                   "Arrival":{
                      "AirportCode":"ZRH",
                      "ScheduledTimeLocal":{
                         "DateTime":"2023-03-03T06:15"
                      }
                   },
                   "MarketingCarrier":{
                      "AirlineID":"LX",
                      "FlightNumber":"17"
                   },
                   "Equipment":{
                      "AircraftCode":"333",
                      "OnBoardEquipment":{
                         "InflightEntertainment":true,
                         "Compartment":[
                            {
                               "ClassCode":"F",
                               "ClassDesc":"FirstClass",
                               "FlyNet":true,
                               "SeatPower":true,
                               "Usb":true,
                               "LiveTv":true
                            },
                            {
                               "ClassCode":"C",
                               "ClassDesc":"BusinessClass",
                               "FlyNet":true,
                               "SeatPower":true,
                               "Usb":true,
                               "LiveTv":true
                            },
                            {
                               "ClassCode":"E",
                               "ClassDesc":"PremiumEconomy",
                               "FlyNet":true,
                               "SeatPower":true,
                               "Usb":true,
                               "LiveTv":true
                            },
                            {
                               "ClassCode":"Y",
                               "ClassDesc":"Economy",
                               "FlyNet":true,
                               "SeatPower":true,
                               "Usb":true,
                               "LiveTv":true
                            }
                         ]
                      }
                   },
                   "Details":{
                      "Stops":{
                         "StopQuantity":0
                      },
                      "DaysOfOperation":"1234",
                      "DatePeriod":{
                         "Effective":"2023-03-02",
                         "Expiration":"2023-03-09"
                      }
                   }
                },
                {
                   "Departure":{
                      "AirportCode":"ZRH",
                      "ScheduledTimeLocal":{
                         "DateTime":"2023-03-03T14:40"
                      }
                   },
                   "Arrival":{
                      "AirportCode":"FRA",
                      "ScheduledTimeLocal":{
                         "DateTime":"2023-03-03T15:40"
                      },
                      "Terminal":{
                         "Name":"1"
                      }
                   },
                   "MarketingCarrier":{
                      "AirlineID":"LX",
                      "FlightNumber":"3604"
                   },
                   "OperatingCarrier":{
                      "AirlineID":"LH"
                   },
                   "Equipment":{
                      "AircraftCode":"32A"
                   },
                   "Details":{
                      "Stops":{
                         "StopQuantity":0
                      },
                      "DaysOfOperation":"1234",
                      "DatePeriod":{
                         "Effective":"2023-03-02",
                         "Expiration":"2023-03-09"
                      }
                   }
                }
             ]
          },
          {
             "TotalJourney":{
                "Duration":"PT17H5M"
             },
             "Flight":[
                {
                   "Departure":{
                      "AirportCode":"JFK",
                      "ScheduledTimeLocal":{
                         "DateTime":"2023-03-02T16:35"
                      },
                      "Terminal":{
                         "Name":"1"
                      }
                   },
                   "Arrival":{
                      "AirportCode":"ZRH",
                      "ScheduledTimeLocal":{
                         "DateTime":"2023-03-03T06:15"
                      }
                   },
                   "MarketingCarrier":{
                      "AirlineID":"LX",
                      "FlightNumber":"17"
                   },
                   "Equipment":{
                      "AircraftCode":"333",
                      "OnBoardEquipment":{
                         "InflightEntertainment":true,
                         "Compartment":[
                            {
                               "ClassCode":"F",
                               "ClassDesc":"FirstClass",
                               "FlyNet":true,
                               "SeatPower":true,
                               "Usb":true,
                               "LiveTv":true
                            },
                            {
                               "ClassCode":"C",
                               "ClassDesc":"BusinessClass",
                               "FlyNet":true,
                               "SeatPower":true,
                               "Usb":true,
                               "LiveTv":true
                            },
                            {
                               "ClassCode":"E",
                               "ClassDesc":"PremiumEconomy",
                               "FlyNet":true,
                               "SeatPower":true,
                               "Usb":true,
                               "LiveTv":true
                            },
                            {
                               "ClassCode":"Y",
                               "ClassDesc":"Economy",
                               "FlyNet":true,
                               "SeatPower":true,
                               "Usb":true,
                               "LiveTv":true
                            }
                         ]
                      }
                   },
                   "Details":{
                      "Stops":{
                         "StopQuantity":0
                      },
                      "DaysOfOperation":"1234",
                      "DatePeriod":{
                         "Effective":"2023-03-02",
                         "Expiration":"2023-03-09"
                      }
                   }
                },
                {
                   "Departure":{
                      "AirportCode":"ZRH",
                      "ScheduledTimeLocal":{
                         "DateTime":"2023-03-03T14:40"
                      }
                   },
                   "Arrival":{
                      "AirportCode":"FRA",
                      "ScheduledTimeLocal":{
                         "DateTime":"2023-03-03T15:40"
                      },
                      "Terminal":{
                         "Name":"1"
                      }
                   },
                   "MarketingCarrier":{
                      "AirlineID":"LH",
                      "FlightNumber":"1191"
                   },
                   "Equipment":{
                      "AircraftCode":"32A"
                   },
                   "Details":{
                      "Stops":{
                         "StopQuantity":0
                      },
                      "DaysOfOperation":"1234",
                      "DatePeriod":{
                         "Effective":"2023-03-02",
                         "Expiration":"2023-03-09"
                      }
                   }
                }
             ]
          },
          {
             "TotalJourney":{
                "Duration":"PT20H30M"
             },
             "Flight":[
                {
                   "Departure":{
                      "AirportCode":"JFK",
                      "ScheduledTimeLocal":{
                         "DateTime":"2023-03-02T16:35"
                      },
                      "Terminal":{
                         "Name":"1"
                      }
                   },
                   "Arrival":{
                      "AirportCode":"ZRH",
                      "ScheduledTimeLocal":{
                         "DateTime":"2023-03-03T06:15"
                      }
                   },
                   "MarketingCarrier":{
                      "AirlineID":"LX",
                      "FlightNumber":"17"
                   },
                   "Equipment":{
                      "AircraftCode":"333",
                      "OnBoardEquipment":{
                         "InflightEntertainment":true,
                         "Compartment":[
                            {
                               "ClassCode":"F",
                               "ClassDesc":"FirstClass",
                               "FlyNet":true,
                               "SeatPower":true,
                               "Usb":true,
                               "LiveTv":true
                            },
                            {
                               "ClassCode":"C",
                               "ClassDesc":"BusinessClass",
                               "FlyNet":true,
                               "SeatPower":true,
                               "Usb":true,
                               "LiveTv":true
                            },
                            {
                               "ClassCode":"E",
                               "ClassDesc":"PremiumEconomy",
                               "FlyNet":true,
                               "SeatPower":true,
                               "Usb":true,
                               "LiveTv":true
                            },
                            {
                               "ClassCode":"Y",
                               "ClassDesc":"Economy",
                               "FlyNet":true,
                               "SeatPower":true,
                               "Usb":true,
                               "LiveTv":true
                            }
                         ]
                      }
                   },
                   "Details":{
                      "Stops":{
                         "StopQuantity":0
                      },
                      "DaysOfOperation":"24",
                      "DatePeriod":{
                         "Effective":"2023-03-02",
                         "Expiration":"2023-03-09"
                      }
                   }
                },
                {
                   "Departure":{
                      "AirportCode":"ZRH",
                      "ScheduledTimeLocal":{
                         "DateTime":"2023-03-03T18:05"
                      }
                   },
                   "Arrival":{
                      "AirportCode":"FRA",
                      "ScheduledTimeLocal":{
                         "DateTime":"2023-03-03T19:05"
                      },
                      "Terminal":{
                         "Name":"1"
                      }
                   },
                   "MarketingCarrier":{
                      "AirlineID":"LH",
                      "FlightNumber":"1197"
                   },
                   "OperatingCarrier":{
                      "AirlineID":"CL"
                   },
                   "Equipment":{
                      "AircraftCode":"E90"
                   },
                   "Details":{
                      "Stops":{
                         "StopQuantity":0
                      },
                      "DaysOfOperation":"24",
                      "DatePeriod":{
                         "Effective":"2023-03-02",
                         "Expiration":"2023-03-09"
                      }
                   }
                }
             ]
          },
          {
             "TotalJourney":{
                "Duration":"PT20H30M"
             },
             "Flight":[
                {
                   "Departure":{
                      "AirportCode":"JFK",
                      "ScheduledTimeLocal":{
                         "DateTime":"2023-03-02T16:35"
                      },
                      "Terminal":{
                         "Name":"1"
                      }
                   },
                   "Arrival":{
                      "AirportCode":"ZRH",
                      "ScheduledTimeLocal":{
                         "DateTime":"2023-03-03T06:15"
                      }
                   },
                   "MarketingCarrier":{
                      "AirlineID":"LX",
                      "FlightNumber":"17"
                   },
                   "Equipment":{
                      "AircraftCode":"333",
                      "OnBoardEquipment":{
                         "InflightEntertainment":true,
                         "Compartment":[
                            {
                               "ClassCode":"F",
                               "ClassDesc":"FirstClass",
                               "FlyNet":true,
                               "SeatPower":true,
                               "Usb":true,
                               "LiveTv":true
                            },
                            {
                               "ClassCode":"C",
                               "ClassDesc":"BusinessClass",
                               "FlyNet":true,
                               "SeatPower":true,
                               "Usb":true,
                               "LiveTv":true
                            },
                            {
                               "ClassCode":"E",
                               "ClassDesc":"PremiumEconomy",
                               "FlyNet":true,
                               "SeatPower":true,
                               "Usb":true,
                               "LiveTv":true
                            },
                            {
                               "ClassCode":"Y",
                               "ClassDesc":"Economy",
                               "FlyNet":true,
                               "SeatPower":true,
                               "Usb":true,
                               "LiveTv":true
                            }
                         ]
                      }
                   },
                   "Details":{
                      "Stops":{
                         "StopQuantity":0
                      },
                      "DaysOfOperation":"24",
                      "DatePeriod":{
                         "Effective":"2023-03-02",
                         "Expiration":"2023-03-09"
                      }
                   }
                },
                {
                   "Departure":{
                      "AirportCode":"ZRH",
                      "ScheduledTimeLocal":{
                         "DateTime":"2023-03-03T18:05"
                      }
                   },
                   "Arrival":{
                      "AirportCode":"FRA",
                      "ScheduledTimeLocal":{
                         "DateTime":"2023-03-03T19:05"
                      },
                      "Terminal":{
                         "Name":"1"
                      }
                   },
                   "MarketingCarrier":{
                      "AirlineID":"LX",
                      "FlightNumber":"3608"
                   },
                   "Equipment":{
                      "AircraftCode":"E90"
                   },
                   "Details":{
                      "Stops":{
                         "StopQuantity":0
                      },
                      "DaysOfOperation":"24",
                      "DatePeriod":{
                         "Effective":"2023-03-02",
                         "Expiration":"2023-03-09"
                      }
                   }
                }
             ]
          }
       ],
       "Meta":{
          "@Version":"1.0.0",
          "Link":[
             {
                "@Href":"https://api.lufthansa.com/v1/operations/schedules/JFK/FRA/2023-03-02?directFlights=0&limit=100&offset=0",
                "@Rel":"self"
             },
             {
                "@Href":"https://api.lufthansa.com/v1/operations/schedules/JFK/FRA/2023-03-01?directFlights=0&limit=20&offset=0",
                "@Rel":"previousRange"
             },
             {
                "@Href":"https://api.lufthansa.com/v1/operations/schedules/JFK/FRA/2023-03-02?directFlights=0&limit=20&offset=20",
                "@Rel":"next"
             },
             {
                "@Href":"https://api.lufthansa.com/v1/operations/schedules/JFK/FRA/2023-03-02T15:55?directFlights=0&limit=20&offset=0",
                "@Rel":"nextRange"
             },
             {
                "@Href":"https://api.lufthansa.com/v1/mds-references/airports/{airportCode}",
                "@Rel":"related"
             },
             {
                "@Href":"https://api.lufthansa.com/v1/mds-references/aircraft/{aircraftCode}",
                "@Rel":"related"
             }
          ]
       }
    }
 }